{
  "version": "5.0.1",
  "manifest_version": 2,
  "name": "Elite",
  "theme": {
    "colors": {
      "bookmark_text": [
        116,
        157,
        188
      ],
      "frame": [
        7,
        40,
        61
      ],
      "ntp_background": [
        23,
        57,
        79
      ],
      "ntp_text": [
        116,
        157,
        188
      ],
      "tab_background_text": [
        116,
        157,
        188
      ],
      "tab_background_text_inactive": [
        116,
        157,
        188
      ],
      "tab_background_text_incognito": [
        116,
        157,
        188
      ],
      "tab_background_text_incognito_inactive": [
        116,
        157,
        188
      ],
      "tab_text": [
        116,
        157,
        188
      ],
      "toolbar": [
        23,
        57,
        79
      ],
      "omnibox_text": [
        116,
        157,
        188
      ],
      "omnibox_background": [
        7,
        40,
        61
      ]
    },
    "tints": {
      "buttons": [
        0.5363636363636365,
        0.5,
        0.5
      ],
      "frame_inactive": [
        -1,
        -1,
        -1
      ],
      "frame_incognito": [
        0.5223880597014926,
        1,
        0.55
      ],
      "frame_incognito_inactive": [
        0.5223880597014926,
        1,
        0.55
      ]
    }
  }
}