{
  "version": "5.0.1",
  "manifest_version": 2,
  "name": "Themer My Color Set Dark",
  "theme": {
    "colors": {
      "bookmark_text": [
        107,
        162,
        174
      ],
      "frame": [
        24,
        69,
        78
      ],
      "ntp_background": [
        36,
        82,
        92
      ],
      "ntp_text": [
        107,
        162,
        174
      ],
      "tab_background_text": [
        107,
        162,
        174
      ],
      "tab_background_text_inactive": [
        107,
        162,
        174
      ],
      "tab_background_text_incognito": [
        107,
        162,
        174
      ],
      "tab_background_text_incognito_inactive": [
        107,
        162,
        174
      ],
      "tab_text": [
        107,
        162,
        174
      ],
      "toolbar": [
        36,
        82,
        92
      ],
      "omnibox_text": [
        107,
        162,
        174
      ],
      "omnibox_background": [
        24,
        69,
        78
      ]
    },
    "tints": {
      "buttons": [
        0.4503267973856209,
        0.5,
        0.5
      ],
      "frame_inactive": [
        -1,
        -1,
        -1
      ],
      "frame_incognito": [
        0.3891752577319589,
        1,
        0.55
      ],
      "frame_incognito_inactive": [
        0.3891752577319589,
        1,
        0.55
      ]
    }
  }
}