{
  "version": "1.2.2",
  "manifest_version": 2,
  "name": "Elite",
  "theme": {
    "colors": {
      "bookmark_text": [
        184,
        194,
        200
      ],
      "frame": [
        17,
        53,
        71
      ],
      "ntp_background": [
        41,
        73,
        89
      ],
      "ntp_text": [
        184,
        194,
        200
      ],
      "tab_background_text": [
        184,
        194,
        200
      ],
      "tab_background_text_inactive": [
        184,
        194,
        200
      ],
      "tab_background_text_incognito": [
        184,
        194,
        200
      ],
      "tab_background_text_incognito_inactive": [
        184,
        194,
        200
      ],
      "tab_text": [
        184,
        194,
        200
      ],
      "toolbar": [
        41,
        73,
        89
      ],
      "omnibox_text": [
        184,
        194,
        200
      ],
      "omnibox_background": [
        17,
        53,
        71
      ]
    },
    "tints": {
      "buttons": [
        0.5555555555555556,
        0.5,
        0.5
      ],
      "frame_inactive": [
        -1,
        -1,
        -1
      ],
      "frame_incognito": [
        0.5547945205479452,
        1,
        0.55
      ],
      "frame_incognito_inactive": [
        0.5547945205479452,
        1,
        0.55
      ]
    }
  }
}