{
  "version": "1.2.2",
  "manifest_version": 2,
  "name": "Solarized Elite",
  "theme": {
    "colors": {
      "bookmark_text": [
        161,
        177,
        181
      ],
      "frame": [
        0,
        43,
        54
      ],
      "ntp_background": [
        20,
        60,
        70
      ],
      "ntp_text": [
        161,
        177,
        181
      ],
      "tab_background_text": [
        161,
        177,
        181
      ],
      "tab_background_text_inactive": [
        161,
        177,
        181
      ],
      "tab_background_text_incognito": [
        161,
        177,
        181
      ],
      "tab_background_text_incognito_inactive": [
        161,
        177,
        181
      ],
      "tab_text": [
        161,
        177,
        181
      ],
      "toolbar": [
        20,
        60,
        70
      ],
      "omnibox_text": [
        161,
        177,
        181
      ],
      "omnibox_background": [
        0,
        43,
        54
      ]
    },
    "tints": {
      "buttons": [
        0.4775985663082436,
        0.5,
        0.5
      ],
      "frame_inactive": [
        -1,
        -1,
        -1
      ],
      "frame_incognito": [
        0.5337301587301586,
        1,
        0.55
      ],
      "frame_incognito_inactive": [
        0.5337301587301586,
        1,
        0.55
      ]
    }
  }
}